metric,dataset,scenario,target_method,baseline_method,n_paired_folds,mean_difference,sd_difference,wilcoxon_statistic,wilcoxon_p_two_sided,wilcoxon_p_fdr_bh
auc,biosnap,random,arnoldi_s12,lr,15,0.09696086983647977,0.005493835043810092,0.0,6.103515625e-05,9.912476503759398e-05
auc,biosnap,random,arnoldi_s12,mlp,15,0.017583522029282674,0.00238220924614951,0.0,6.103515625e-05,9.912476503759398e-05
auc,biosnap,random,arnoldi_s12,gcn,15,0.04908359078065838,0.008266681047764585,0.0,6.103515625e-05,9.912476503759398e-05
auc,biosnap,random,arnoldi_s12,colddti,15,0.04527808275853171,0.006348362981448011,0.0,6.103515625e-05,9.912476503759398e-05
auc,biosnap,random,arnoldi_s12,drugban,15,0.00959243766236959,0.0036084435189476876,0.0,6.103515625e-05,9.912476503759398e-05
auc,biosnap,random,arnoldi_s12,arnoldi_v4,15,0.039497697569582234,0.007137891989565483,0.0,6.103515625e-05,9.912476503759398e-05
auc,biosnap,random,arnoldi_s12,arnoldi_s1,15,0.005294448025789837,0.001475088263889893,0.0,6.103515625e-05,9.912476503759398e-05
auc,biosnap,random,arnoldi_s12,arnoldi_s2,15,0.0029618863809014093,0.0014686151642459512,0.0,6.103515625e-05,9.912476503759398e-05
auc,biosnap,random,arnoldi_s12,arnoldi_s12_shuffle,15,0.038090381743538314,0.005152815814205145,0.0,6.103515625e-05,9.912476503759398e-05
auc,biosnap,cold_drug,arnoldi_s12,lr,15,0.10219808533084987,0.010405708827976423,0.0,6.103515625e-05,9.912476503759398e-05
auc,biosnap,cold_drug,arnoldi_s12,mlp,15,0.028629444331641052,0.011099090926453042,0.0,6.103515625e-05,9.912476503759398e-05
auc,biosnap,cold_drug,arnoldi_s12,gcn,15,0.05476806812703019,0.010954510139029703,0.0,6.103515625e-05,9.912476503759398e-05
auc,biosnap,cold_drug,arnoldi_s12,colddti,15,0.0472719821255593,0.012507204629408861,0.0,6.103515625e-05,9.912476503759398e-05
auc,biosnap,cold_drug,arnoldi_s12,drugban,15,0.005363714772248092,0.008425781353196335,24.0,0.041259765625,0.05304827008928571
auc,biosnap,cold_drug,arnoldi_s12,arnoldi_v4,15,0.03014126524070763,0.009383510355844712,0.0,6.103515625e-05,9.912476503759398e-05
auc,biosnap,cold_drug,arnoldi_s12,arnoldi_s1,15,0.0018855469519022097,0.005549602289253495,28.0,0.072998046875,0.09167196584302326
auc,biosnap,cold_drug,arnoldi_s12,arnoldi_s2,15,0.0016260284473043729,0.00639883055258839,35.0,0.1688232421875,0.202587890625
auc,biosnap,cold_drug,arnoldi_s12,arnoldi_s12_shuffle,15,0.03156721024495858,0.009435306497415615,0.0,6.103515625e-05,9.912476503759398e-05
auc,biosnap,cold_protein,arnoldi_s12,lr,15,0.077931933335708,0.01888050848158262,0.0,6.103515625e-05,9.912476503759398e-05
auc,biosnap,cold_protein,arnoldi_s12,mlp,15,-0.014340922203529465,0.01450564345577695,9.0,0.00201416015625,0.0028250558035714285
auc,biosnap,cold_protein,arnoldi_s12,gcn,15,0.14090907490477828,0.034051803229883826,0.0,6.103515625e-05,9.912476503759398e-05
auc,biosnap,cold_protein,arnoldi_s12,colddti,15,0.16631010187770692,0.03990196211117551,0.0,6.103515625e-05,9.912476503759398e-05
auc,biosnap,cold_protein,arnoldi_s12,drugban,15,0.14577166914921738,0.030662235471227244,0.0,6.103515625e-05,9.912476503759398e-05
auc,biosnap,cold_protein,arnoldi_s12,arnoldi_v4,15,0.10314487376821638,0.021334257908902594,0.0,6.103515625e-05,9.912476503759398e-05
auc,biosnap,cold_protein,arnoldi_s12,arnoldi_s1,15,0.02759451099536696,0.01174907379545684,0.0,6.103515625e-05,9.912476503759398e-05
auc,biosnap,cold_protein,arnoldi_s12,arnoldi_s2,15,0.034654409322828594,0.018919710568684876,0.0,6.103515625e-05,9.912476503759398e-05
auc,biosnap,cold_protein,arnoldi_s12,arnoldi_s12_shuffle,15,0.09987271117146082,0.02259959278305837,0.0,6.103515625e-05,9.912476503759398e-05
auc,biosnap,cold_pair,arnoldi_s12,lr,15,0.08946173391461569,0.023055025917253037,0.0,6.103515625e-05,9.912476503759398e-05
auc,biosnap,cold_pair,arnoldi_s12,mlp,15,-0.022546450968108655,0.021807636443297574,3.0,0.00030517578125,0.00046421104753521125
auc,biosnap,cold_pair,arnoldi_s12,gcn,15,0.10070462163291909,0.02336301974241663,0.0,6.103515625e-05,9.912476503759398e-05
auc,biosnap,cold_pair,arnoldi_s12,colddti,15,0.09336857117905666,0.027254655842928105,0.0,6.103515625e-05,9.912476503759398e-05
auc,biosnap,cold_pair,arnoldi_s12,drugban,15,0.13430250839220204,0.0350056270702684,0.0,6.103515625e-05,9.912476503759398e-05
auc,biosnap,cold_pair,arnoldi_s12,arnoldi_v4,15,0.08417647357330078,0.02812581280821517,0.0,6.103515625e-05,9.912476503759398e-05
auc,biosnap,cold_pair,arnoldi_s12,arnoldi_s1,15,0.010114380770439949,0.015913469196703073,27.0,0.063720703125,0.08096277573529412
auc,biosnap,cold_pair,arnoldi_s12,arnoldi_s2,15,0.06189344089724954,0.024447114848027845,0.0,6.103515625e-05,9.912476503759398e-05
auc,biosnap,cold_pair,arnoldi_s12,arnoldi_s12_shuffle,15,0.08256061674164747,0.029741559768158895,0.0,6.103515625e-05,9.912476503759398e-05
auc,human,random,arnoldi_s12,lr,15,0.07573468127257682,0.01053511121212289,0.0,6.103515625e-05,9.912476503759398e-05
auc,human,random,arnoldi_s12,mlp,15,0.03517094712729499,0.006048491600414934,0.0,6.103515625e-05,9.912476503759398e-05
auc,human,random,arnoldi_s12,gcn,15,-0.010190498222469107,0.005680874399925126,0.0,6.103515625e-05,9.912476503759398e-05
auc,human,random,arnoldi_s12,colddti,15,0.07333104756314525,0.022471817701995852,0.0,6.103515625e-05,9.912476503759398e-05
auc,human,random,arnoldi_s12,drugban,15,-0.004870055791188436,0.00845016587282227,21.0,0.02557373046875,0.033077399887724554
auc,human,random,arnoldi_s12,arnoldi_v4,15,0.012995566864100853,0.003200184924949778,0.0,6.103515625e-05,9.912476503759398e-05
auc,human,random,arnoldi_s12,arnoldi_s1,15,0.0007441145426142197,0.0016495947013706262,28.0,0.072998046875,0.09167196584302326
auc,human,random,arnoldi_s12,arnoldi_s2,15,0.0027850454810564177,0.0028522540947205377,8.0,0.00152587890625,0.0021827141970198675
auc,human,random,arnoldi_s12,arnoldi_s12_shuffle,15,0.008906046892465954,0.003916583997340185,0.0,6.103515625e-05,9.912476503759398e-05
auc,human,cold_drug,arnoldi_s12,lr,15,0.19444625629582615,0.0404707594311545,0.0,6.103515625e-05,9.912476503759398e-05
auc,human,cold_drug,arnoldi_s12,mlp,15,0.023720272331320392,0.02585892179426829,14.0,0.0067138671875,0.009178451344936708
auc,human,cold_drug,arnoldi_s12,gcn,15,-0.016095411888189547,0.01979930310416268,12.0,0.0042724609375,0.005915715144230769
auc,human,cold_drug,arnoldi_s12,colddti,15,0.009991508161469927,0.059270759521499454,58.0,0.93408203125,0.9384265988372092
auc,human,cold_drug,arnoldi_s12,drugban,15,0.007379530698752775,0.04621555355800066,57.0,0.890380859375,0.9029214348591549
auc,human,cold_drug,arnoldi_s12,arnoldi_v4,15,0.0046183063957372745,0.017839946498993606,33.0,0.1353759765625,0.1652045815677966
auc,human,cold_drug,arnoldi_s12,arnoldi_s1,15,-0.002584929741006296,0.012994577861296054,43.0,0.359130859375,0.4126184341755319
auc,human,cold_drug,arnoldi_s12,arnoldi_s2,15,0.0006505384699702595,0.011594805956088534,49.0,0.5614013671875,0.6250654397551546
auc,human,cold_drug,arnoldi_s12,arnoldi_s12_shuffle,15,0.005185063647410323,0.02250389764060802,39.0,0.25238037109375,0.3011832052831492
auc,human,cold_protein,arnoldi_s12,lr,15,0.030709712829906102,0.025439364028940696,2.0,0.00018310546875,0.0002825055803571429
auc,human,cold_protein,arnoldi_s12,mlp,15,-0.04106367252999685,0.03442692091265371,8.0,0.00152587890625,0.0021827141970198675
auc,human,cold_protein,arnoldi_s12,gcn,15,-0.04433429324988982,0.04241782281464634,9.0,0.00201416015625,0.0028250558035714285
auc,human,cold_protein,arnoldi_s12,colddti,15,-0.03481396139428672,0.02366784825142288,2.0,0.00018310546875,0.0002825055803571429
auc,human,cold_protein,arnoldi_s12,drugban,15,0.0035745324478460385,0.029057571226230282,55.0,0.803955078125,0.8308818032296651
auc,human,cold_protein,arnoldi_s12,arnoldi_v4,15,0.013778588466906843,0.023596696154814044,17.0,0.012451171875,0.0166015625
auc,human,cold_protein,arnoldi_s12,arnoldi_s1,15,-0.0013037771873102362,0.010909118799498652,46.0,0.45428466796875,0.5137460119437173
auc,human,cold_protein,arnoldi_s12,arnoldi_s2,15,-3.997235077897917e-07,0.010528803692474392,51.0,0.638671875,0.6967329545454546
auc,human,cold_protein,arnoldi_s12,arnoldi_s12_shuffle,15,0.013852868327875726,0.020673115227929115,17.0,0.012451171875,0.0166015625
auc,human,cold_pair,arnoldi_s12,lr,15,0.04511394442768881,0.10059688619933792,32.0,0.12054443359375,0.14794089577414773
auc,human,cold_pair,arnoldi_s12,mlp,15,-0.0357379641571554,0.08104806892029054,34.0,0.15142822265625,0.18375559603230338
auc,human,cold_pair,arnoldi_s12,gcn,15,0.10563035785944089,0.148258136957506,14.0,0.0067138671875,0.009178451344936708
auc,human,cold_pair,arnoldi_s12,colddti,15,0.004221654931582874,0.07471185353875127,42.0,0.33026123046875,0.3876979662024457
auc,human,cold_pair,arnoldi_s12,drugban,15,0.00994430243383786,0.06103886972408508,43.0,0.359130859375,0.4126184341755319
auc,human,cold_pair,arnoldi_s12,arnoldi_v4,15,-0.02060262663413121,0.06100825283617527,43.0,0.359130859375,0.4126184341755319
auc,human,cold_pair,arnoldi_s12,arnoldi_s1,15,-0.025101055371224767,0.040774095285658146,21.0,0.02557373046875,0.033077399887724554
auc,human,cold_pair,arnoldi_s12,arnoldi_s2,15,-0.0036343423859817037,0.07055385853455377,54.0,0.76153564453125,0.7985033942657767
auc,human,cold_pair,arnoldi_s12,arnoldi_s12_shuffle,15,-0.022082165165272123,0.08068737334224851,52.0,0.67877197265625,0.7294265974813433
auc,bindingdb,random,arnoldi_s12,lr,15,0.11689655471520513,0.00212995036949632,0.0,6.103515625e-05,9.912476503759398e-05
auc,bindingdb,random,arnoldi_s12,mlp,15,0.0035423630194255577,0.0009659403484849049,0.0,6.103515625e-05,9.912476503759398e-05
auc,bindingdb,random,arnoldi_s12,gcn,15,0.05752670628020062,0.0021384736276620414,0.0,6.103515625e-05,9.912476503759398e-05
auc,bindingdb,random,arnoldi_s12,colddti,15,0.041043053176564634,0.0018560657453114031,0.0,6.103515625e-05,9.912476503759398e-05
auc,bindingdb,random,arnoldi_s12,drugban,15,0.0028059520148710306,0.0016008067108837464,0.0,6.103515625e-05,9.912476503759398e-05
auc,bindingdb,random,arnoldi_s12,arnoldi_v4,15,0.09045896940055931,0.010108327701518793,0.0,6.103515625e-05,9.912476503759398e-05
auc,bindingdb,random,arnoldi_s12,arnoldi_s1,15,0.0013239767501491547,0.000672181614174774,0.0,6.103515625e-05,9.912476503759398e-05
auc,bindingdb,random,arnoldi_s12,arnoldi_s2,15,0.002450265418111915,0.0005479927513271185,0.0,6.103515625e-05,9.912476503759398e-05
auc,bindingdb,random,arnoldi_s12,arnoldi_s12_shuffle,15,0.08729104605782255,0.009427699563551599,0.0,6.103515625e-05,9.912476503759398e-05
auc,bindingdb,cold_drug,arnoldi_s12,lr,15,0.11204064073857072,0.004323016833246636,0.0,6.103515625e-05,9.912476503759398e-05
auc,bindingdb,cold_drug,arnoldi_s12,mlp,15,6.997649782365389e-05,0.001772943439133402,57.0,0.890380859375,0.9029214348591549
auc,bindingdb,cold_drug,arnoldi_s12,gcn,15,0.05608102831188672,0.0038989160479225163,0.0,6.103515625e-05,9.912476503759398e-05
auc,bindingdb,cold_drug,arnoldi_s12,colddti,15,0.039362819161528936,0.00353259102831659,0.0,6.103515625e-05,9.912476503759398e-05
auc,bindingdb,cold_drug,arnoldi_s12,drugban,15,0.0006871960122981857,0.002442659085331424,45.0,0.42120361328125,0.4788420024671053
auc,bindingdb,cold_drug,arnoldi_s12,arnoldi_v4,15,0.04491385413996033,0.00499843259412404,0.0,6.103515625e-05,9.912476503759398e-05
auc,bindingdb,cold_drug,arnoldi_s12,arnoldi_s1,15,-0.0001397707232711672,0.0014367620600857602,52.0,0.67877197265625,0.7294265974813433
auc,bindingdb,cold_drug,arnoldi_s12,arnoldi_s2,15,0.003942434147700036,0.0023313558368539757,1.0,0.0001220703125,0.00019246122262773724
auc,bindingdb,cold_drug,arnoldi_s12,arnoldi_s12_shuffle,15,0.04469760256208736,0.004236751305985255,0.0,6.103515625e-05,9.912476503759398e-05
auc,bindingdb,cold_protein,arnoldi_s12,lr,15,0.17947041646708134,0.0716975774672686,0.0,6.103515625e-05,9.912476503759398e-05
auc,bindingdb,cold_protein,arnoldi_s12,mlp,15,-0.07979932965836897,0.0677399650392254,9.0,0.00201416015625,0.0028250558035714285
auc,bindingdb,cold_protein,arnoldi_s12,gcn,15,0.18306700265419362,0.09609661000614618,0.0,6.103515625e-05,9.912476503759398e-05
auc,bindingdb,cold_protein,arnoldi_s12,colddti,15,0.19503311343845345,0.07750278689723446,0.0,6.103515625e-05,9.912476503759398e-05
auc,bindingdb,cold_protein,arnoldi_s12,drugban,15,0.0707189853823177,0.0756221592769669,10.0,0.00262451171875,0.003657384072580645
auc,bindingdb,cold_protein,arnoldi_s12,arnoldi_v4,15,0.17531727472781533,0.047060403504045965,0.0,6.103515625e-05,9.912476503759398e-05
auc,bindingdb,cold_protein,arnoldi_s12,arnoldi_s1,15,0.009095618807687248,0.057698710977467295,52.0,0.67877197265625,0.7294265974813433
auc,bindingdb,cold_protein,arnoldi_s12,arnoldi_s2,15,0.11643190110429923,0.054201701348264644,0.0,6.103515625e-05,9.912476503759398e-05
auc,bindingdb,cold_protein,arnoldi_s12,arnoldi_s12_shuffle,15,0.1827749380372477,0.04886532528130875,0.0,6.103515625e-05,9.912476503759398e-05
auc,bindingdb,cold_pair,arnoldi_s12,lr,15,0.20093515978074797,0.04652824255298396,0.0,6.103515625e-05,9.912476503759398e-05
auc,bindingdb,cold_pair,arnoldi_s12,mlp,15,-0.08661072739802687,0.04328887952937306,0.0,6.103515625e-05,9.912476503759398e-05
auc,bindingdb,cold_pair,arnoldi_s12,gcn,15,0.21859571869799008,0.04998330635646874,0.0,6.103515625e-05,9.912476503759398e-05
auc,bindingdb,cold_pair,arnoldi_s12,colddti,15,0.2064997058765348,0.05111400588965996,0.0,6.103515625e-05,9.912476503759398e-05
auc,bindingdb,cold_pair,arnoldi_s12,drugban,15,0.08840450992921359,0.06473687739630397,1.0,0.0001220703125,0.00019246122262773724
auc,bindingdb,cold_pair,arnoldi_s12,arnoldi_v4,15,0.15355158119495532,0.053120750370089474,0.0,6.103515625e-05,9.912476503759398e-05
auc,bindingdb,cold_pair,arnoldi_s12,arnoldi_s1,15,-0.0009049756963325291,0.021026904885269104,58.0,0.93408203125,0.9384265988372092
auc,bindingdb,cold_pair,arnoldi_s12,arnoldi_s2,15,0.1296215525035522,0.03222020403500994,0.0,6.103515625e-05,9.912476503759398e-05
auc,bindingdb,cold_pair,arnoldi_s12,arnoldi_s12_shuffle,15,0.1490485172795984,0.06038438620709128,0.0,6.103515625e-05,9.912476503759398e-05
aupr,biosnap,random,arnoldi_s12,lr,15,0.37282165794319017,0.013629022984992302,0.0,6.103515625e-05,9.912476503759398e-05
aupr,biosnap,random,arnoldi_s12,mlp,15,0.08459260580396206,0.0059637181059499205,0.0,6.103515625e-05,9.912476503759398e-05
aupr,biosnap,random,arnoldi_s12,gcn,15,0.21257433583559754,0.03979736854953741,0.0,6.103515625e-05,9.912476503759398e-05
aupr,biosnap,random,arnoldi_s12,colddti,15,0.1981676643684639,0.015110288070705635,0.0,6.103515625e-05,9.912476503759398e-05
aupr,biosnap,random,arnoldi_s12,drugban,15,0.07173081084701553,0.009985182804515413,0.0,6.103515625e-05,9.912476503759398e-05
aupr,biosnap,random,arnoldi_s12,arnoldi_v4,15,0.17211547586789633,0.012584209506073458,0.0,6.103515625e-05,9.912476503759398e-05
aupr,biosnap,random,arnoldi_s12,arnoldi_s1,15,0.03802355771640677,0.0036766960671083784,0.0,6.103515625e-05,9.912476503759398e-05
aupr,biosnap,random,arnoldi_s12,arnoldi_s2,15,0.009660213116963901,0.0021515039364842837,0.0,6.103515625e-05,9.912476503759398e-05
aupr,biosnap,random,arnoldi_s12,arnoldi_s12_shuffle,15,0.1732896955893549,0.011519845361874028,0.0,6.103515625e-05,9.912476503759398e-05
aupr,biosnap,cold_drug,arnoldi_s12,lr,15,0.3462953955029178,0.01714506449401882,0.0,6.103515625e-05,9.912476503759398e-05
aupr,biosnap,cold_drug,arnoldi_s12,mlp,15,0.13902979320885897,0.016802680264757966,0.0,6.103515625e-05,9.912476503759398e-05
aupr,biosnap,cold_drug,arnoldi_s12,gcn,15,0.19302502367798605,0.014034232150211184,0.0,6.103515625e-05,9.912476503759398e-05
aupr,biosnap,cold_drug,arnoldi_s12,colddti,15,0.17128522244927477,0.018905681780362033,0.0,6.103515625e-05,9.912476503759398e-05
aupr,biosnap,cold_drug,arnoldi_s12,drugban,15,0.046596819129091714,0.013014073382391717,0.0,6.103515625e-05,9.912476503759398e-05
aupr,biosnap,cold_drug,arnoldi_s12,arnoldi_v4,15,0.1489005490974799,0.022329734197117816,0.0,6.103515625e-05,9.912476503759398e-05
aupr,biosnap,cold_drug,arnoldi_s12,arnoldi_s1,15,0.0011213076216463355,0.007302732495366052,54.0,0.76153564453125,0.7985033942657767
aupr,biosnap,cold_drug,arnoldi_s12,arnoldi_s2,15,0.01376069959076994,0.008966266266276335,1.0,0.0001220703125,0.00019246122262773724
aupr,biosnap,cold_drug,arnoldi_s12,arnoldi_s12_shuffle,15,0.14649628013521793,0.01880930415073803,0.0,6.103515625e-05,9.912476503759398e-05
aupr,biosnap,cold_protein,arnoldi_s12,lr,15,0.2939838860204464,0.03443598404032413,0.0,6.103515625e-05,9.912476503759398e-05
aupr,biosnap,cold_protein,arnoldi_s12,mlp,15,-0.03728991399477691,0.026066635609402734,1.0,0.0001220703125,0.00019246122262773724
aupr,biosnap,cold_protein,arnoldi_s12,gcn,15,0.3842923220062097,0.04164573839125007,0.0,6.103515625e-05,9.912476503759398e-05
aupr,biosnap,cold_protein,arnoldi_s12,colddti,15,0.34725087728382265,0.06666666544386274,0.0,6.103515625e-05,9.912476503759398e-05
aupr,biosnap,cold_protein,arnoldi_s12,drugban,15,0.27525259995479334,0.038247457500564096,0.0,6.103515625e-05,9.912476503759398e-05
aupr,biosnap,cold_protein,arnoldi_s12,arnoldi_v4,15,0.25438331495692745,0.053473830377275086,0.0,6.103515625e-05,9.912476503759398e-05
aupr,biosnap,cold_protein,arnoldi_s12,arnoldi_s1,15,0.11016274323431076,0.02676171484352026,0.0,6.103515625e-05,9.912476503759398e-05
aupr,biosnap,cold_protein,arnoldi_s12,arnoldi_s2,15,0.03870407067975679,0.03225341275924901,6.0,0.0008544921875,0.0012555803571428572
aupr,biosnap,cold_protein,arnoldi_s12,arnoldi_s12_shuffle,15,0.24502266578332063,0.05445057572217857,0.0,6.103515625e-05,9.912476503759398e-05
aupr,biosnap,cold_pair,arnoldi_s12,lr,15,0.2171062975665516,0.040662327052858944,0.0,6.103515625e-05,9.912476503759398e-05
aupr,biosnap,cold_pair,arnoldi_s12,mlp,15,0.026837019972234148,0.038004151820781436,21.0,0.02557373046875,0.033077399887724554
aupr,biosnap,cold_pair,arnoldi_s12,gcn,15,0.22747892383206386,0.03193763930263902,0.0,6.103515625e-05,9.912476503759398e-05
aupr,biosnap,cold_pair,arnoldi_s12,colddti,15,0.1908452838165557,0.03795899203684155,0.0,6.103515625e-05,9.912476503759398e-05
aupr,biosnap,cold_pair,arnoldi_s12,drugban,15,0.19677062745692242,0.04678201645242918,0.0,6.103515625e-05,9.912476503759398e-05
aupr,biosnap,cold_pair,arnoldi_s12,arnoldi_v4,15,0.1842283220319913,0.04625070207370143,0.0,6.103515625e-05,9.912476503759398e-05
aupr,biosnap,cold_pair,arnoldi_s12,arnoldi_s1,15,0.018658462741883472,0.03436621374551618,31.0,0.10699462890625,0.13282091864224138
aupr,biosnap,cold_pair,arnoldi_s12,arnoldi_s2,15,0.11285621688760367,0.04884820589842125,0.0,6.103515625e-05,9.912476503759398e-05
aupr,biosnap,cold_pair,arnoldi_s12,arnoldi_s12_shuffle,15,0.1740551410307253,0.03468596028910162,0.0,6.103515625e-05,9.912476503759398e-05
aupr,human,random,arnoldi_s12,lr,15,0.21094938505366845,0.029635536837921587,0.0,6.103515625e-05,9.912476503759398e-05
aupr,human,random,arnoldi_s12,mlp,15,0.08276877983747202,0.017276931921806158,0.0,6.103515625e-05,9.912476503759398e-05
aupr,human,random,arnoldi_s12,gcn,15,0.0024169488232046086,0.021827177583850298,53.0,0.7197265625,0.7658174261083743
aupr,human,random,arnoldi_s12,colddti,15,0.1839878753038178,0.05313819949298211,0.0,6.103515625e-05,9.912476503759398e-05
aupr,human,random,arnoldi_s12,drugban,15,0.001511784670503798,0.0220688817774053,55.0,0.803955078125,0.8308818032296651
aupr,human,random,arnoldi_s12,arnoldi_v4,15,0.058129067705918,0.013119766333400232,0.0,6.103515625e-05,9.912476503759398e-05
aupr,human,random,arnoldi_s12,arnoldi_s1,15,0.0017607613333287715,0.008558927356744477,35.0,0.1688232421875,0.202587890625
aupr,human,random,arnoldi_s12,arnoldi_s2,15,0.018210354267045856,0.010613436626393847,3.0,0.00030517578125,0.00046421104753521125
aupr,human,random,arnoldi_s12,arnoldi_s12_shuffle,15,0.05122992357384716,0.012245918173039645,0.0,6.103515625e-05,9.912476503759398e-05
aupr,human,cold_drug,arnoldi_s12,lr,15,0.4224159506473652,0.06501585740822197,0.0,6.103515625e-05,9.912476503759398e-05
aupr,human,cold_drug,arnoldi_s12,mlp,15,0.05980539972646702,0.08203293841572927,19.0,0.01806640625,0.023940759202453987
aupr,human,cold_drug,arnoldi_s12,gcn,15,0.04736502853408125,0.04397301778651279,7.0,0.00115966796875,0.0016924883868243243
aupr,human,cold_drug,arnoldi_s12,colddti,15,0.09061832043900322,0.07494665542495446,0.0,6.103515625e-05,9.912476503759398e-05
aupr,human,cold_drug,arnoldi_s12,drugban,15,0.00952457556482528,0.08853634084543306,48.0,0.52447509765625,0.5869773113665803
aupr,human,cold_drug,arnoldi_s12,arnoldi_v4,15,0.07270467872714202,0.05445677136178621,0.0,6.103515625e-05,9.912476503759398e-05
aupr,human,cold_drug,arnoldi_s12,arnoldi_s1,15,-0.0008206749321296243,0.022300468953401466,57.0,0.890380859375,0.9029214348591549
aupr,human,cold_drug,arnoldi_s12,arnoldi_s2,15,0.02997709370559209,0.02674598087208755,4.0,0.00042724609375,0.000645350743006993
aupr,human,cold_drug,arnoldi_s12,arnoldi_s12_shuffle,15,0.07756230651917302,0.05571950865941224,0.0,6.103515625e-05,9.912476503759398e-05
aupr,human,cold_protein,arnoldi_s12,lr,15,0.23870109013388033,0.06554534552084741,0.0,6.103515625e-05,9.912476503759398e-05
aupr,human,cold_protein,arnoldi_s12,mlp,15,-0.0040462190687948285,0.07432525476182773,56.0,0.846923828125,0.8711216517857143
aupr,human,cold_protein,arnoldi_s12,gcn,15,-0.007577164827499102,0.044398012396700826,51.0,0.638671875,0.6967329545454546
aupr,human,cold_protein,arnoldi_s12,colddti,15,-0.009979368520831467,0.05383432440681526,48.0,0.52447509765625,0.5869773113665803
aupr,human,cold_protein,arnoldi_s12,drugban,15,0.03828228322516363,0.05444502966509272,21.0,0.02557373046875,0.033077399887724554
aupr,human,cold_protein,arnoldi_s12,arnoldi_v4,15,0.013342715643122938,0.0547434485349781,17.0,0.012451171875,0.0166015625
aupr,human,cold_protein,arnoldi_s12,arnoldi_s1,15,0.0038163872924250903,0.009008536382794363,26.0,0.05535888671875,0.07075455343934911
aupr,human,cold_protein,arnoldi_s12,arnoldi_s2,15,0.0035962740833139404,0.018237047909492446,60.0,1.0,1.0
aupr,human,cold_protein,arnoldi_s12,arnoldi_s12_shuffle,15,0.029154263139210566,0.0484934021577954,6.0,0.0008544921875,0.0012555803571428572
aupr,human,cold_pair,arnoldi_s12,lr,15,0.056408835805755154,0.07288649375423005,15.0,0.00836181640625,0.01135944870283019
aupr,human,cold_pair,arnoldi_s12,mlp,15,-0.01670636787455955,0.06063383152173611,43.0,0.359130859375,0.4126184341755319
aupr,human,cold_pair,arnoldi_s12,gcn,15,0.029766150112061875,0.12732663658461568,32.0,0.12054443359375,0.14794089577414773
aupr,human,cold_pair,arnoldi_s12,colddti,15,0.017823143632802782,0.06475471720050158,45.0,0.42120361328125,0.4788420024671053
aupr,human,cold_pair,arnoldi_s12,drugban,15,0.00097634868937371,0.07915763065817884,53.0,0.7197265625,0.7658174261083743
aupr,human,cold_pair,arnoldi_s12,arnoldi_v4,15,-0.016274730142938957,0.057941039858758814,42.0,0.33026123046875,0.3876979662024457
aupr,human,cold_pair,arnoldi_s12,arnoldi_s1,15,-0.005279524334402751,0.0307931352560545,42.0,0.33026123046875,0.3876979662024457
aupr,human,cold_pair,arnoldi_s12,arnoldi_s2,15,-0.0020030009869858793,0.04790985536073298,54.0,0.76153564453125,0.7985033942657767
aupr,human,cold_pair,arnoldi_s12,arnoldi_s12_shuffle,15,0.006619914158218321,0.05681464727787139,50.0,0.5994873046875,0.6640474759615385
aupr,bindingdb,random,arnoldi_s12,lr,15,0.5917553565917649,0.004794133776633307,0.0,6.103515625e-05,9.912476503759398e-05
aupr,bindingdb,random,arnoldi_s12,mlp,15,0.04987694358122902,0.0034095809414034246,0.0,6.103515625e-05,9.912476503759398e-05
aupr,bindingdb,random,arnoldi_s12,gcn,15,0.3316333017453591,0.009717292955983368,0.0,6.103515625e-05,9.912476503759398e-05
aupr,bindingdb,random,arnoldi_s12,colddti,15,0.2802757621794856,0.009649686505483156,0.0,6.103515625e-05,9.912476503759398e-05
aupr,bindingdb,random,arnoldi_s12,drugban,15,0.021788979587703428,0.004300327711252666,0.0,6.103515625e-05,9.912476503759398e-05
aupr,bindingdb,random,arnoldi_s12,arnoldi_v4,15,0.3957113411891279,0.031786954831704003,0.0,6.103515625e-05,9.912476503759398e-05
aupr,bindingdb,random,arnoldi_s12,arnoldi_s1,15,0.005763295461206641,0.0016324866012667621,0.0,6.103515625e-05,9.912476503759398e-05
aupr,bindingdb,random,arnoldi_s12,arnoldi_s2,15,0.007794978848366537,0.0015739401248707153,0.0,6.103515625e-05,9.912476503759398e-05
aupr,bindingdb,random,arnoldi_s12,arnoldi_s12_shuffle,15,0.38178571175747467,0.031032847740829875,0.0,6.103515625e-05,9.912476503759398e-05
aupr,bindingdb,cold_drug,arnoldi_s12,lr,15,0.5761801021803674,0.009730857001331451,0.0,6.103515625e-05,9.912476503759398e-05
aupr,bindingdb,cold_drug,arnoldi_s12,mlp,15,0.03744340829057984,0.0047678457604056305,0.0,6.103515625e-05,9.912476503759398e-05
aupr,bindingdb,cold_drug,arnoldi_s12,gcn,15,0.3140156901751024,0.020745378645639013,0.0,6.103515625e-05,9.912476503759398e-05
aupr,bindingdb,cold_drug,arnoldi_s12,colddti,15,0.2554250635008645,0.013426957203067929,0.0,6.103515625e-05,9.912476503759398e-05
aupr,bindingdb,cold_drug,arnoldi_s12,drugban,15,0.01923402543761544,0.008194158812615603,0.0,6.103515625e-05,9.912476503759398e-05
aupr,bindingdb,cold_drug,arnoldi_s12,arnoldi_v4,15,0.26826338323929233,0.02641547984870031,0.0,6.103515625e-05,9.912476503759398e-05
aupr,bindingdb,cold_drug,arnoldi_s12,arnoldi_s1,15,5.424958678243256e-05,0.00237476839970813,51.0,0.638671875,0.6967329545454546
aupr,bindingdb,cold_drug,arnoldi_s12,arnoldi_s2,15,0.012103120423411492,0.004140017258947579,0.0,6.103515625e-05,9.912476503759398e-05
aupr,bindingdb,cold_drug,arnoldi_s12,arnoldi_s12_shuffle,15,0.27255629349238547,0.028674825930949038,0.0,6.103515625e-05,9.912476503759398e-05
aupr,bindingdb,cold_protein,arnoldi_s12,lr,15,0.26456570305780497,0.10182543644374441,0.0,6.103515625e-05,9.912476503759398e-05
aupr,bindingdb,cold_protein,arnoldi_s12,mlp,15,-0.13021644051462603,0.10045698391126733,5.0,0.0006103515625,0.00091552734375
aupr,bindingdb,cold_protein,arnoldi_s12,gcn,15,0.25614627763743963,0.10530376214289287,0.0,6.103515625e-05,9.912476503759398e-05
aupr,bindingdb,cold_protein,arnoldi_s12,colddti,15,0.2526311703766043,0.10430588616352574,0.0,6.103515625e-05,9.912476503759398e-05
aupr,bindingdb,cold_protein,arnoldi_s12,drugban,15,0.11406346489719546,0.11690318906632746,8.0,0.00152587890625,0.0021827141970198675
aupr,bindingdb,cold_protein,arnoldi_s12,arnoldi_v4,15,0.23017246176104972,0.08676501183817246,0.0,6.103515625e-05,9.912476503759398e-05
aupr,bindingdb,cold_protein,arnoldi_s12,arnoldi_s1,15,0.033905136369335204,0.0907603257145462,29.0,0.083251953125,0.10394463511560693
aupr,bindingdb,cold_protein,arnoldi_s12,arnoldi_s2,15,0.12375530962292135,0.09709801380551376,0.0,6.103515625e-05,9.912476503759398e-05
aupr,bindingdb,cold_protein,arnoldi_s12,arnoldi_s12_shuffle,15,0.23350616134714303,0.08970942603235177,0.0,6.103515625e-05,9.912476503759398e-05
aupr,bindingdb,cold_pair,arnoldi_s12,lr,15,0.2801211576902635,0.07696100030939024,0.0,6.103515625e-05,9.912476503759398e-05
aupr,bindingdb,cold_pair,arnoldi_s12,mlp,15,-0.09419700469060108,0.07502665780020296,6.0,0.0008544921875,0.0012555803571428572
aupr,bindingdb,cold_pair,arnoldi_s12,gcn,15,0.27762948069204274,0.07597516338168785,0.0,6.103515625e-05,9.912476503759398e-05
aupr,bindingdb,cold_pair,arnoldi_s12,colddti,15,0.27503663444679877,0.07553326577624273,0.0,6.103515625e-05,9.912476503759398e-05
aupr,bindingdb,cold_pair,arnoldi_s12,drugban,15,0.13899458818543667,0.09308908018044135,2.0,0.00018310546875,0.0002825055803571429
aupr,bindingdb,cold_pair,arnoldi_s12,arnoldi_v4,15,0.2546479633964651,0.07586168775387774,0.0,6.103515625e-05,9.912476503759398e-05
aupr,bindingdb,cold_pair,arnoldi_s12,arnoldi_s1,15,0.007283446134405641,0.0560939888040668,55.0,0.803955078125,0.8308818032296651
aupr,bindingdb,cold_pair,arnoldi_s12,arnoldi_s2,15,0.2280007479015555,0.06848301066558984,0.0,6.103515625e-05,9.912476503759398e-05
aupr,bindingdb,cold_pair,arnoldi_s12,arnoldi_s12_shuffle,15,0.24983096780910935,0.07947714055810566,0.0,6.103515625e-05,9.912476503759398e-05
