method,method_label,dataset,scenario,auc_mean,auc_std,auc_count,aupr_mean,aupr_std,aupr_count,f1_mean,f1_std,f1_count,accuracy_mean,accuracy_std,accuracy_count
arnoldi_s1,ArnoldiGCL + S1,bindingdb,cold_drug,0.9734545295565217,0.003197012300845236,15,0.9282320481934251,0.006177500389958612,15,0.9037917230494064,0.006674991038145371,15,0.9836774845571395,0.0010718011184571443,15
arnoldi_s1,ArnoldiGCL + S1,bindingdb,cold_pair,0.734621628871437,0.02977753360817349,15,0.3653983050311994,0.07815952420679996,15,0.4036649043029568,0.05588700940982078,15,0.8926351708292938,0.0318233612969486,15
arnoldi_s1,ArnoldiGCL + S1,bindingdb,cold_protein,0.7246957691608734,0.05162088321917798,15,0.3300606876580653,0.06969149808802176,15,0.36051202460442133,0.0638945334098821,15,0.869170540995443,0.0373354181398607,15
arnoldi_s1,ArnoldiGCL + S1,bindingdb,random,0.9806639067467681,0.001656175847186811,15,0.9410721129454414,0.003979431591485474,15,0.9116341056474351,0.005824568102618203,15,0.9847532110911911,0.000940595821362933,15
arnoldi_s1,ArnoldiGCL + S1,biosnap,cold_drug,0.8949952643972268,0.007936796520166827,15,0.7208680645508896,0.016936288336046556,15,0.6931206695230296,0.016584777196528035,15,0.9506590991097492,0.0023016532909537714,15
arnoldi_s1,ArnoldiGCL + S1,biosnap,cold_pair,0.7444059355796758,0.02987390897979507,15,0.3752765998443598,0.04669194524630075,15,0.38031509529184965,0.05033997401735311,15,0.8889340792737221,0.028846944501756577,15
arnoldi_s1,ArnoldiGCL + S1,biosnap,cold_protein,0.8137931778994202,0.021207632344135936,15,0.4866093820011173,0.027245089150233763,15,0.4852083920492287,0.029131934909921664,15,0.9117880838795962,0.011476415369800222,15
arnoldi_s1,ArnoldiGCL + S1,biosnap,random,0.9341554804082979,0.004397056409980802,15,0.7928834870941349,0.008390583373838264,15,0.7396224193915505,0.007339213808453263,15,0.9546922588137339,0.0016236753808340724,15
arnoldi_s1,ArnoldiGCL + S1,human,cold_drug,0.8807660757658493,0.031056051123012737,15,0.589288054541909,0.0722725212348056,15,0.5089152713630366,0.06086368097293341,15,0.9225463251162792,0.012285405849749525,15
arnoldi_s1,ArnoldiGCL + S1,human,cold_pair,0.6390291666908179,0.06087203991706711,15,0.18358963883307855,0.05771002047784828,15,0.20937033038064007,0.059193092096868974,15,0.6248359417422074,0.2074422649670583,15
arnoldi_s1,ArnoldiGCL + S1,human,cold_protein,0.7558975631718494,0.04398567485891616,15,0.4919975426099313,0.08805550250433117,15,0.464840243591249,0.10842711044361515,15,0.8846071241841531,0.1070082050396146,15
arnoldi_s1,ArnoldiGCL + S1,human,random,0.9330701458720282,0.006440033577750662,15,0.7657477250173329,0.014513188383691308,15,0.6991456119241888,0.01597811306448262,15,0.9481525451410228,0.0033705955639235547,15
arnoldi_s12,ArnoldiGCL + S1+S2,bindingdb,cold_drug,0.9733147588332505,0.0029762224171732284,15,0.9282862977802074,0.006734745863148766,15,0.9043319966715947,0.006045896258843514,15,0.9837524993524756,0.0009849471235278703,15
arnoldi_s12,ArnoldiGCL + S1+S2,bindingdb,cold_pair,0.7337166531751045,0.03887266803612696,15,0.3726817511656051,0.07691817153278556,15,0.38300773026753376,0.06325159935001913,15,0.8841301097507663,0.03826204656167128,15
arnoldi_s12,ArnoldiGCL + S1+S2,bindingdb,cold_protein,0.7337913879685606,0.07061499562040917,15,0.36396582402740046,0.10027958638454075,15,0.37482473767666924,0.10256218649701627,15,0.8739705590800728,0.07643431857206529,15
arnoldi_s12,ArnoldiGCL + S1+S2,bindingdb,random,0.9819878834969171,0.001323204155911917,15,0.9468354084066479,0.003317672914890762,15,0.9227227648170379,0.005424095774482866,15,0.9865253199240559,0.0008895825059806466,15
arnoldi_s12,ArnoldiGCL + S1+S2,biosnap,cold_drug,0.896880811349129,0.008242725441980925,15,0.7219893721725358,0.015076456688621953,15,0.6917763649723268,0.015101003067998844,15,0.9503660145744689,0.00229179526048347,15
arnoldi_s12,ArnoldiGCL + S1+S2,biosnap,cold_pair,0.7545203163501157,0.027885378939015586,15,0.39393506258624333,0.03648420731626832,15,0.38153587836150066,0.048276789971591245,15,0.878435046197636,0.04500493552325176,15
arnoldi_s12,ArnoldiGCL + S1+S2,biosnap,cold_protein,0.8413876888947871,0.02230229296683259,15,0.5967721252354281,0.03393835288923971,15,0.5634342806813953,0.027299008636204082,15,0.9283287109599047,0.0055571393551664995,15
arnoldi_s12,ArnoldiGCL + S1+S2,biosnap,random,0.9394499284340877,0.004392853104549241,15,0.8309070448105416,0.0071306748587655,15,0.7870557977321716,0.006934021379519666,15,0.9634523105238941,0.0013897570835381462,15
arnoldi_s12,ArnoldiGCL + S1+S2,human,cold_drug,0.878181146024843,0.025327082302521658,15,0.5884673796097795,0.0748344104030058,15,0.5172103895153357,0.0635444635086842,15,0.9255659993886357,0.01060708477536481,15
arnoldi_s12,ArnoldiGCL + S1+S2,human,cold_pair,0.6139281113195931,0.0766355546117042,15,0.1783101144986758,0.06485270311480786,15,0.20201931372255072,0.05537773912672988,15,0.6250255516715664,0.20683706469150337,15
arnoldi_s12,ArnoldiGCL + S1+S2,human,cold_protein,0.7545937859845392,0.042925688722841714,15,0.49581392990235634,0.08326326227733702,15,0.47214492069391667,0.09437382505817314,15,0.8991456256078614,0.08560174771812395,15
arnoldi_s12,ArnoldiGCL + S1+S2,human,random,0.9338142604146424,0.005676504804245717,15,0.7675084863506618,0.018248888876193543,15,0.7024201404031367,0.02033167196449446,15,0.9498782312340656,0.0040997708027156275,15
arnoldi_s12_shuffle,ArnoldiGCL + shuffled S1+S2,bindingdb,cold_drug,0.9286171562711633,0.00321699122963474,15,0.6557300042878219,0.025760111139886233,15,0.6137866727432671,0.015521446317670547,15,0.9226913325071546,0.006622655134560236,15
arnoldi_s12_shuffle,ArnoldiGCL + shuffled S1+S2,bindingdb,cold_pair,0.584668135895506,0.05145859908126972,15,0.12285078335649577,0.025948406873258174,15,0.18330148307172714,0.02756554985778742,15,0.5932938936131067,0.1644299965324554,15
arnoldi_s12_shuffle,ArnoldiGCL + shuffled S1+S2,bindingdb,cold_protein,0.5510164499313128,0.04462133907975307,15,0.1304596626802575,0.021282034572546148,15,0.16742864685282197,0.01368904102942053,15,0.35479053289479207,0.23420818322105608,15
arnoldi_s12_shuffle,ArnoldiGCL + shuffled S1+S2,bindingdb,random,0.8946968374390946,0.010261253639787244,15,0.5650496966491734,0.032788317299807,15,0.5348469089771851,0.021415637144092878,15,0.9173696278549008,0.004151249910184129,15
arnoldi_s12_shuffle,ArnoldiGCL + shuffled S1+S2,biosnap,cold_drug,0.8653136011041703,0.008205632941225744,15,0.5754930920373179,0.024076888799952283,15,0.552264718625397,0.01825764972302634,15,0.9237944360957606,0.006323594643185655,15
arnoldi_s12_shuffle,ArnoldiGCL + shuffled S1+S2,biosnap,cold_pair,0.6719596996084682,0.029331248750945216,15,0.219879921555518,0.028500019235021806,15,0.23898535428287582,0.05392948477813115,15,0.8466258654671585,0.07372330711696834,15
arnoldi_s12_shuffle,ArnoldiGCL + shuffled S1+S2,biosnap,cold_protein,0.7415149777233263,0.0306660075809575,15,0.35174945945210745,0.050616140350737505,15,0.38863057618475655,0.05375887439755223,15,0.8957120824928487,0.016206658052156677,15
arnoldi_s12_shuffle,ArnoldiGCL + shuffled S1+S2,biosnap,random,0.9013595466905494,0.0074265447278314715,15,0.6576173492211868,0.013680345963432927,15,0.6141756243475313,0.011746353335484199,15,0.9341396612546287,0.003300458099883626,15
arnoldi_s12_shuffle,ArnoldiGCL + shuffled S1+S2,human,cold_drug,0.8729960823774326,0.03371506725384514,15,0.5109050730906065,0.06570832217925006,15,0.45031183802159475,0.059738613027218244,15,0.8986305628468679,0.015596388448330717,15
arnoldi_s12_shuffle,ArnoldiGCL + shuffled S1+S2,human,cold_pair,0.6360102764848653,0.04752718941636414,15,0.17169020034045748,0.046719494686742184,15,0.1964680136424965,0.04718281922182967,15,0.7030496333858522,0.15659757007229202,15
arnoldi_s12_shuffle,ArnoldiGCL + shuffled S1+S2,human,cold_protein,0.7407409176566635,0.04152241296639921,15,0.4666596667631458,0.07899515112283266,15,0.4400196914836156,0.10313804869228772,15,0.8789179320608157,0.10964118026869711,15
arnoldi_s12_shuffle,ArnoldiGCL + shuffled S1+S2,human,random,0.9249082135221764,0.006062268829139721,15,0.7162785627768146,0.016806999680803875,15,0.6490216340263297,0.016170654530781182,15,0.9415116380506241,0.0028983709767578408,15
arnoldi_s2,ArnoldiGCL + S2,bindingdb,cold_drug,0.9693723246855506,0.004034222480059215,15,0.916183177356796,0.008079403178536126,15,0.8953236735501628,0.006310561630576488,15,0.9822500224542587,0.0009622774909325737,15
arnoldi_s2,ArnoldiGCL + S2,bindingdb,cold_pair,0.6040951006715523,0.024929165437539293,15,0.14468100326404956,0.020958927154725776,15,0.19631294145410985,0.02134468939850076,15,0.7117651380558282,0.12027097569685093,15
arnoldi_s2,ArnoldiGCL + S2,bindingdb,cold_protein,0.6173594868642613,0.041139756111208424,15,0.24021051440447916,0.04045197158540893,15,0.21889999564948834,0.041888680671526686,15,0.7314303846432305,0.287018508011394,15
arnoldi_s2,ArnoldiGCL + S2,bindingdb,random,0.9795376180788052,0.0016828463904143345,15,0.9390404295582814,0.003962253229408553,15,0.9104821413128391,0.00413283573954029,15,0.984467375992096,0.0006581943165150272,15
arnoldi_s2,ArnoldiGCL + S2,biosnap,cold_drug,0.8952547829018246,0.005314917448197064,15,0.7082286725817659,0.013601156354701452,15,0.6673263245005401,0.011164648277709422,15,0.9466745564714073,0.001772423096443129,15
arnoldi_s2,ArnoldiGCL + S2,biosnap,cold_pair,0.6926268754528663,0.03731021515158927,15,0.28107884569863967,0.051703624121940135,15,0.2736714011337661,0.06650375125967006,15,0.8558669626718859,0.06354879907223794,15
arnoldi_s2,ArnoldiGCL + S2,biosnap,cold_protein,0.8067332795719585,0.032737936671696125,15,0.5580680545556712,0.049292030637788545,15,0.5384728167313486,0.04688486620011555,15,0.9313528109308975,0.009568847600345255,15
arnoldi_s2,ArnoldiGCL + S2,biosnap,random,0.9364880420531863,0.005060074946275551,15,0.8212468316935777,0.007696767740404604,15,0.7748283194718315,0.0060659113628897775,15,0.9615635750125989,0.0013188762283288693,15
arnoldi_s2,ArnoldiGCL + S2,human,cold_drug,0.8775306075548727,0.027142387916554604,15,0.5584902859041875,0.07221800080372036,15,0.4764317636908959,0.061485231149633716,15,0.9103649541629382,0.008197897174297872,15
arnoldi_s2,ArnoldiGCL + S2,human,cold_pair,0.6175624537055749,0.09802667207273637,15,0.1803131154856617,0.07218636212348421,15,0.19733406730284686,0.05032914931191972,15,0.663691367919106,0.2007238684561498,15
arnoldi_s2,ArnoldiGCL + S2,human,cold_protein,0.754594185708047,0.038513900326088445,15,0.4922176558190424,0.07929634401026489,15,0.4663311054104826,0.09099192651191076,15,0.9006520414968577,0.07564036506791129,15
arnoldi_s2,ArnoldiGCL + S2,human,random,0.931029214933586,0.0061875772240642755,15,0.749298132083616,0.01968544298125534,15,0.6799486246623836,0.02486716543096301,15,0.9471729291384272,0.0031459498545329603,15
arnoldi_v4,ArnoldiGCL without S1/S2,bindingdb,cold_drug,0.9284009046932902,0.003593087479652051,15,0.6600229145409151,0.02336282901942517,15,0.6158321540514684,0.016731943592748343,15,0.9239670276398948,0.005724903913651659,15
arnoldi_v4,ArnoldiGCL without S1/S2,bindingdb,cold_pair,0.5801650719801491,0.043388759481906146,15,0.11803378776913993,0.019462349292269386,15,0.17452440908070818,0.02906573164747591,15,0.6466950039670719,0.14236982195300282,15
arnoldi_v4,ArnoldiGCL without S1/S2,bindingdb,cold_protein,0.5584741132407453,0.04765480757994405,15,0.1337933622663508,0.022941881872355893,15,0.1715589419049758,0.009402601083095376,15,0.3381903470030059,0.20362684578454862,15
arnoldi_v4,ArnoldiGCL without S1/S2,bindingdb,random,0.8915289140963579,0.010737935550342371,15,0.5511240672175202,0.03288370579237468,15,0.5234040005463941,0.023006940892682785,15,0.916899021825672,0.002920296969292911,15
arnoldi_v4,ArnoldiGCL without S1/S2,biosnap,cold_drug,0.8667395461084214,0.009301387816486513,15,0.5730888230750559,0.023681517848950274,15,0.5492234382905969,0.017480149971386347,15,0.9221932089731345,0.004810175470253495,15
arnoldi_v4,ArnoldiGCL without S1/S2,biosnap,cold_pair,0.6703438427768149,0.029163670901186628,15,0.209706740554252,0.028872365581274963,15,0.23043498891475067,0.061766724718044515,15,0.8445959228919109,0.04844543290420217,15
arnoldi_v4,ArnoldiGCL without S1/S2,biosnap,cold_protein,0.7382428151265706,0.02627809281905928,15,0.34238881027850065,0.05048173146908238,15,0.3604111211021149,0.05035894018322618,15,0.8911068533373441,0.020968214971109806,15
arnoldi_v4,ArnoldiGCL without S1/S2,biosnap,random,0.8999522308645054,0.009369248240476805,15,0.6587915689426453,0.015249736098703852,15,0.6152715963532481,0.01092062285750211,15,0.9331952934989811,0.003468031044533238,15
arnoldi_v4,ArnoldiGCL without S1/S2,human,cold_drug,0.8735628396291056,0.029918886460425186,15,0.5157627008826374,0.06040640020167287,15,0.4583038893212246,0.0529007707630299,15,0.8989477984491351,0.010591829028397858,15
arnoldi_v4,ArnoldiGCL without S1/S2,human,cold_pair,0.6345307379537244,0.07955345465262932,15,0.19458484464161477,0.06993838154090937,15,0.20729331871915446,0.06453936491023408,15,0.7093113277404872,0.16044060383085654,15
arnoldi_v4,ArnoldiGCL without S1/S2,human,cold_protein,0.7408151975176324,0.0467044919306235,15,0.48247121425923345,0.08069859311370267,15,0.4584979720787672,0.10503381829793544,15,0.8796169167517418,0.10682652622387243,15
arnoldi_v4,ArnoldiGCL without S1/S2,human,random,0.9208186935505417,0.005820341995492121,15,0.7093794186447437,0.019036665473379812,15,0.6485817027192855,0.015418236869730317,15,0.9407282906918552,0.0032286485663102814,15
colddti,ColdDTI-inspired threshold GCN,bindingdb,cold_drug,0.9339519396717216,0.004815832252036979,15,0.672861234279343,0.013875113384180992,15,0.6204708165209315,0.008662726768094348,15,0.9231018186769807,0.003266881590780811,15
colddti,ColdDTI-inspired threshold GCN,bindingdb,cold_pair,0.5272169472985697,0.03546427459103155,15,0.09764511671880638,0.012714779193571848,15,0.15276977570305803,0.03626982359960879,15,0.5281425440120402,0.22491362948767307,15
colddti,ColdDTI-inspired threshold GCN,bindingdb,cold_protein,0.5387582745301072,0.03976302513316773,15,0.11133465365079617,0.0161955043605569,15,0.17205546145372969,0.011307059882882298,15,0.3917554913577913,0.19577863441776258,15
colddti,ColdDTI-inspired threshold GCN,bindingdb,random,0.9409448303203526,0.002071656115945214,15,0.6665596462271624,0.009924846662557349,15,0.6189464725598115,0.006320511551219448,15,0.9242116505373105,0.0027726580462715074,15
colddti,ColdDTI-inspired threshold GCN,biosnap,cold_drug,0.8496088292235697,0.0127229074590097,15,0.5507041497232611,0.024947657827337745,15,0.5309268756023902,0.017418753484545454,15,0.9212899875496459,0.0053455994586355015,15
colddti,ColdDTI-inspired threshold GCN,biosnap,cold_pair,0.6611517451710591,0.03235738782855657,15,0.2030897787696876,0.03705499480844091,15,0.21995501270469753,0.0669737268711641,15,0.8031390358143393,0.1183318262781436,15
colddti,ColdDTI-inspired threshold GCN,biosnap,cold_protein,0.6750775870170802,0.04339240228409109,15,0.24952124795160546,0.06993563153540612,15,0.2775215581815065,0.07967775884744903,15,0.8608802461515732,0.06848480367923682,15
colddti,ColdDTI-inspired threshold GCN,biosnap,random,0.894171845675556,0.006175291448053109,15,0.6327393804420777,0.015964630833164604,15,0.5885344330202497,0.014095053813505776,15,0.9269243410241241,0.005683915075104795,15
colddti,ColdDTI-inspired threshold GCN,human,cold_drug,0.8681896378633731,0.05568378298108026,15,0.49784905917077626,0.10862958243406565,15,0.44288890821571136,0.09699476859950577,15,0.9015202501066247,0.0195811772722732,15
colddti,ColdDTI-inspired threshold GCN,human,cold_pair,0.6097064563880104,0.06883508853919787,15,0.16048697086587305,0.06158122121789473,15,0.19529883662021066,0.07597274862953417,15,0.5815198262700715,0.22158238457557508,15
colddti,ColdDTI-inspired threshold GCN,human,cold_protein,0.7894077473788259,0.03559049937395213,15,0.5057932984231878,0.07004344766391231,15,0.4903724925334421,0.07094280547641219,15,0.9262632662332243,0.007568521065667761,15
colddti,ColdDTI-inspired threshold GCN,human,random,0.8604832128514972,0.022834846950058375,15,0.5835206110468439,0.05356552780311688,15,0.5496593463400654,0.046484163147472286,15,0.9249953594720227,0.007160967931634807,15
drugban,DrugBAN,bindingdb,cold_drug,0.9726275628209523,0.00354280549375482,15,0.909052272342592,0.010353308633688383,15,0.8591216508200461,0.012820694011882147,15,0.9752154031279071,0.0021664544196942264,15
drugban,DrugBAN,bindingdb,cold_pair,0.6453121432458908,0.04030646739978897,15,0.23368716298016842,0.057542194039548154,15,0.25226903627825603,0.048769661827377804,15,0.8314687883040182,0.08666265452771175,15
drugban,DrugBAN,bindingdb,cold_protein,0.6630724025862429,0.037204789466719665,15,0.24990235913020506,0.05304304224136495,15,0.2599710853314005,0.041508908336621166,15,0.8058564826528541,0.0845350448082914,15
drugban,DrugBAN,bindingdb,random,0.9791819314820461,0.001570950454407738,15,0.9250464288189446,0.004245928668301218,15,0.8781070145531031,0.00566613928625662,15,0.978350772197593,0.00110022337551765,15
drugban,DrugBAN,biosnap,cold_drug,0.8915170965768808,0.007748184640007806,15,0.6753925530434441,0.016912023615574617,15,0.6481237510794101,0.017167720904245006,15,0.9406702434922695,0.0033645548965260557,15
drugban,DrugBAN,biosnap,cold_pair,0.6202178079579138,0.027489003946502596,15,0.19716443512932086,0.03907175037255087,15,0.20720455190157694,0.03165925817496108,15,0.770187993522342,0.0959502274205025,15
drugban,DrugBAN,biosnap,cold_protein,0.6956160197455697,0.03952471243798754,15,0.3215195252806347,0.05227120464752124,15,0.3202061685288882,0.04481398445475635,15,0.8746681552527585,0.023322631321755192,15
drugban,DrugBAN,biosnap,random,0.9298574907717181,0.003114902616666756,15,0.7591762339635261,0.009651451786311428,15,0.7146123854122018,0.010319830953214157,15,0.9499003045640789,0.002656761791086869,15
drugban,DrugBAN,human,cold_drug,0.8708016153260902,0.04984111994729902,15,0.5789428040449542,0.09088443842168573,15,0.5488714773889213,0.08549684691200213,15,0.9210470628540536,0.01316074460167961,15
drugban,DrugBAN,human,cold_pair,0.6039838088857553,0.06719768677420507,15,0.1773337658093021,0.08392488663692751,15,0.19480895621388186,0.07234531627424785,15,0.7126967283638305,0.14004499922878041,15
drugban,DrugBAN,human,cold_protein,0.7510192535366932,0.04520868866997621,15,0.4575316466771927,0.06705434737393899,15,0.42836251027663347,0.05305172712830851,15,0.9049619515805057,0.02299921543024733,15
drugban,DrugBAN,human,random,0.9386843162058309,0.007965683740629975,15,0.765996701680158,0.021111034980969202,15,0.7080785849478011,0.017152389436401468,15,0.947495940494548,0.005332910810718828,15
gcn,GCN (leak-safe KNN graph),bindingdb,cold_drug,0.9172337305213638,0.004575872766358213,15,0.6142706076051051,0.024298157934452214,15,0.5971495567181923,0.010086821902119522,15,0.9242628394567518,0.003576108203018099,15
gcn,GCN (leak-safe KNN graph),bindingdb,cold_pair,0.5151209344771144,0.040887274217743304,15,0.09505227047356236,0.014711612299397941,15,0.1531508079994509,0.04001013800504856,15,0.4812822143562175,0.21557193408522418,15
gcn,GCN (leak-safe KNN graph),bindingdb,cold_protein,0.550724385314367,0.0575563501982981,15,0.10781954638996087,0.009579553639193668,15,0.1688301256387084,0.029856483889496077,15,0.5343128693489544,0.17189049118075989,15
gcn,GCN (leak-safe KNN graph),bindingdb,random,0.9244611772167166,0.0020978268143966618,15,0.6152021066612889,0.009685200219702131,15,0.599800239058722,0.009584223681561024,15,0.9242762562435853,0.004357676728652934,15
gcn,GCN (leak-safe KNN graph),biosnap,cold_drug,0.8421127432220988,0.01251301531502717,15,0.5289643484945498,0.02243518186743229,15,0.5169439795342884,0.016754340236723408,15,0.9148087852328558,0.005525561126993123,15
gcn,GCN (leak-safe KNN graph),biosnap,cold_pair,0.6538156947171967,0.02705023186601087,15,0.16645613875417944,0.020967727117380135,15,0.24700951279678293,0.030724943575318197,15,0.7823169094426736,0.09406106504005886,15
gcn,GCN (leak-safe KNN graph),biosnap,cold_protein,0.7004786139900089,0.036466321949532386,15,0.2124798032292184,0.030532090061804868,15,0.31766951237048296,0.05518977395899574,15,0.8377654040705637,0.049834687699415826,15
gcn,GCN (leak-safe KNN graph),biosnap,random,0.8903663376534292,0.007876070516871881,15,0.618332708974944,0.03947225968842171,15,0.5874783005069609,0.02683241247055391,15,0.9243804640767764,0.008078184495075256,15
gcn,GCN (leak-safe KNN graph),human,cold_drug,0.8942765579130325,0.014477983784502187,15,0.5411023510756983,0.0520208399467117,15,0.489468593510453,0.04233441180069036,15,0.9052167924991831,0.011847025764295329,15
gcn,GCN (leak-safe KNN graph),human,cold_pair,0.5082977534601523,0.12795713736101597,15,0.1485439643866139,0.10740266396787583,15,0.13868112320538192,0.07309009433335852,15,0.6934872576878137,0.1943108440325903,15
gcn,GCN (leak-safe KNN graph),human,cold_protein,0.798928079234429,0.017999920866492304,15,0.5033910947298554,0.05525773349749284,15,0.4757603829902077,0.07322080727854759,15,0.9180972956158264,0.030626903401266795,15
gcn,GCN (leak-safe KNN graph),human,random,0.9440047586371116,0.006928411694938004,15,0.7650915375274572,0.018390378423039817,15,0.6998965916024065,0.018664651346370294,15,0.9446303789403766,0.004630178319201244,15
lr,Logistic regression (Morgan+ESM-2),bindingdb,cold_drug,0.8612741180946798,0.005052759358422613,15,0.35210619559984013,0.010707596895944159,15,0.4490980495951653,0.006780966334191805,15,0.866224966525587,0.00730070634867894,15
lr,Logistic regression (Morgan+ESM-2),bindingdb,cold_pair,0.5327814933943565,0.02784629803414649,15,0.0925605934753416,0.006125316289802817,15,0.15838389164444341,0.028060600048101316,15,0.4557418227421938,0.21838941303752843,15
lr,Logistic regression (Morgan+ESM-2),bindingdb,cold_protein,0.5543209715014793,0.03367854946455083,15,0.09940012096959551,0.008588437726854371,15,0.17009034472604237,0.01623048646581215,15,0.4680765201489194,0.18374227078698566,15
lr,Logistic regression (Morgan+ESM-2),bindingdb,random,0.8650913287817121,0.002342489200484885,15,0.355080051814883,0.004248386538274228,15,0.4506241259842196,0.0053502509908510505,15,0.8662704748018796,0.008250187197438141,15
lr,Logistic regression (Morgan+ESM-2),biosnap,cold_drug,0.794682726018279,0.011167538748784886,15,0.375693976669618,0.018515024498882142,15,0.41769501205933324,0.012967375847562563,15,0.8849014444139615,0.009030816868300982,15
lr,Logistic regression (Morgan+ESM-2),biosnap,cold_pair,0.6650585824355001,0.03247198888462971,15,0.1768287650196917,0.03412089278676686,15,0.23255289956898206,0.03593305436418273,15,0.7403491340845461,0.1245266224743579,15
lr,Logistic regression (Morgan+ESM-2),biosnap,cold_protein,0.7634557555590791,0.028401371675464852,15,0.30278823921498166,0.04365105662605829,15,0.3630356765950078,0.04536029309993728,15,0.8600797091910183,0.0244703610479603,15
lr,Logistic regression (Morgan+ESM-2),biosnap,random,0.8424890585976078,0.004501607398244903,15,0.4580853868673514,0.012425071339298438,15,0.4779475738505438,0.00847652134464616,15,0.9032888538311532,0.00547631204487471,15
lr,Logistic regression (Morgan+ESM-2),human,cold_drug,0.6837348897290169,0.028367318388376528,15,0.16605142896241426,0.021630712959609753,15,0.2253090717325188,0.034508610889799715,15,0.740268640737547,0.07746120256169205,15
lr,Logistic regression (Morgan+ESM-2),human,cold_pair,0.5688141668919043,0.0717665745097226,15,0.12190127869292065,0.038732088828355604,15,0.17729518454203885,0.04446820649803196,15,0.5221145773494693,0.22620050667929759,15
lr,Logistic regression (Morgan+ESM-2),human,cold_protein,0.7238840731546331,0.04340585712154247,15,0.257112839768476,0.05012982081718892,15,0.3234493486681812,0.049660673756380724,15,0.844273052912371,0.032796108415755476,15
lr,Logistic regression (Morgan+ESM-2),human,random,0.8580795791420657,0.012398977007736886,15,0.5565591012969933,0.02699206806697465,15,0.5328337374701688,0.02548538631216494,15,0.9173071688450366,0.007332233660896474,15
mlp,MLP (Morgan+ESM-2),bindingdb,cold_drug,0.9732447823354268,0.003934612361192784,15,0.8908428894896276,0.009929609918868492,15,0.8328589390783138,0.009135081822450156,15,0.9709045760408496,0.0015231450478344986,15
mlp,MLP (Morgan+ESM-2),bindingdb,cold_pair,0.8203273805731314,0.031993610826539544,15,0.4668787558562062,0.05421438954839756,15,0.44479667548524743,0.047475214821229746,15,0.9005997450435359,0.019812416062844306,15
mlp,MLP (Morgan+ESM-2),bindingdb,cold_protein,0.8135907176269296,0.033704549180604275,15,0.4941822645420266,0.03554378897391464,15,0.4746549490857738,0.03482180938826233,15,0.9183823817645597,0.014801862039717584,15
mlp,MLP (Morgan+ESM-2),bindingdb,random,0.9784455204774916,0.0011813359284459527,15,0.896958464825419,0.003236929353981525,15,0.8391460900442629,0.0033783893796148403,15,0.971460259603811,0.0006648215831954307,15
mlp,MLP (Morgan+ESM-2),biosnap,cold_drug,0.868251367017488,0.007985590427280276,15,0.5829595789636769,0.01662784790235569,15,0.5571312851969225,0.016844078658819796,15,0.9226797613787711,0.005416026521003949,15
mlp,MLP (Morgan+ESM-2),biosnap,cold_pair,0.7770667673182244,0.020951547940879667,15,0.3670980426140092,0.033835708154159025,15,0.38289703638548356,0.03640567835920162,15,0.8872049500830828,0.022299838015975286,15
mlp,MLP (Morgan+ESM-2),biosnap,cold_protein,0.8557286110983165,0.015007671863019935,15,0.634062039230205,0.029525567128800702,15,0.6144248735862684,0.02711046807719388,15,0.9374840414597803,0.0051950474651060825,15
mlp,MLP (Morgan+ESM-2),biosnap,random,0.9218664064048049,0.004577970778054145,15,0.7463144390065796,0.007595249329493598,15,0.7033516316796125,0.005988471463727139,15,0.9500755932426215,0.0018115445710275033,15
mlp,MLP (Morgan+ESM-2),human,cold_drug,0.8544608736935225,0.02656700190748599,15,0.5286619798833124,0.059375520327932724,15,0.4748856607961474,0.06567800103543354,15,0.9046006517536167,0.015825074965309178,15
mlp,MLP (Morgan+ESM-2),human,cold_pair,0.6496660754767485,0.06681953695396257,15,0.19501648237323535,0.051885509084711096,15,0.2232256519438269,0.05586488025831253,15,0.6823649698348511,0.19960762761822307,15
mlp,MLP (Morgan+ESM-2),human,cold_protein,0.7956574585145361,0.05049038893769083,15,0.49986014897115116,0.12253370094855534,15,0.4967803207635321,0.10173711749672819,15,0.9139795004337389,0.04639533422202398,15
mlp,MLP (Morgan+ESM-2),human,random,0.8986433132873475,0.008645107516566762,15,0.6847397065131897,0.019167339449730512,15,0.647455789027617,0.016842069417384937,15,0.941418324630567,0.005191955547148746,15
